id,nombre,pais,confederacion,grupo
E001,Seleccion 001,Pais 001,CONMEBOL,A
E002,Seleccion 002,Pais 002,UEFA,A
E003,Seleccion 003,Pais 003,CAF,A
E004,Seleccion 004,Pais 004,AFC,A
E005,Seleccion 005,Pais 005,CONCACAF,B
E006,Seleccion 006,Pais 006,OFC,B
E007,Seleccion 007,Pais 007,CONMEBOL,B
E008,Seleccion 008,Pais 008,UEFA,B
E009,Seleccion 009,Pais 009,CAF,C
E010,Seleccion 010,Pais 010,AFC,C
E011,Seleccion 011,Pais 011,CONCACAF,C
E012,Seleccion 012,Pais 012,OFC,C
E013,Seleccion 013,Pais 013,CONMEBOL,D
E014,Seleccion 014,Pais 014,UEFA,D
E015,Seleccion 015,Pais 015,CAF,D
E016,Seleccion 016,Pais 016,AFC,D
E017,Seleccion 017,Pais 017,CONCACAF,E
E018,Seleccion 018,Pais 018,OFC,E
E019,Seleccion 019,Pais 019,CONMEBOL,E
E020,Seleccion 020,Pais 020,UEFA,E
E021,Seleccion 021,Pais 021,CAF,F
E022,Seleccion 022,Pais 022,AFC,F
E023,Seleccion 023,Pais 023,CONCACAF,F
E024,Seleccion 024,Pais 024,OFC,F
E025,Seleccion 025,Pais 025,CONMEBOL,G
E026,Seleccion 026,Pais 026,UEFA,G
E027,Seleccion 027,Pais 027,CAF,G
E028,Seleccion 028,Pais 028,AFC,G
E029,Seleccion 029,Pais 029,CONCACAF,H
E030,Seleccion 030,Pais 030,OFC,H
E031,Seleccion 031,Pais 031,CONMEBOL,H
E032,Seleccion 032,Pais 032,UEFA,H
E033,Seleccion 033,Pais 033,CAF,I
E034,Seleccion 034,Pais 034,AFC,I
E035,Seleccion 035,Pais 035,CONCACAF,I
E036,Seleccion 036,Pais 036,OFC,I
E037,Seleccion 037,Pais 037,CONMEBOL,J
E038,Seleccion 038,Pais 038,UEFA,J
E039,Seleccion 039,Pais 039,CAF,J
E040,Seleccion 040,Pais 040,AFC,J
E041,Seleccion 041,Pais 041,CONCACAF,K
E042,Seleccion 042,Pais 042,OFC,K
E043,Seleccion 043,Pais 043,CONMEBOL,K
E044,Seleccion 044,Pais 044,UEFA,K
E045,Seleccion 045,Pais 045,CAF,L
E046,Seleccion 046,Pais 046,AFC,L
E047,Seleccion 047,Pais 047,CONCACAF,L
E048,Seleccion 048,Pais 048,OFC,L
E049,Seleccion 049,Pais 049,CONMEBOL,M
E050,Seleccion 050,Pais 050,UEFA,M
E051,Seleccion 051,Pais 051,CAF,M
E052,Seleccion 052,Pais 052,AFC,M
E053,Seleccion 053,Pais 053,CONCACAF,N
E054,Seleccion 054,Pais 054,OFC,N
E055,Seleccion 055,Pais 055,CONMEBOL,N
E056,Seleccion 056,Pais 056,UEFA,N
E057,Seleccion 057,Pais 057,CAF,O
E058,Seleccion 058,Pais 058,AFC,O
E059,Seleccion 059,Pais 059,CONCACAF,O
E060,Seleccion 060,Pais 060,OFC,O
E061,Seleccion 061,Pais 061,CONMEBOL,P
E062,Seleccion 062,Pais 062,UEFA,P
E063,Seleccion 063,Pais 063,CAF,P
E064,Seleccion 064,Pais 064,AFC,P
